{
  "Spain": 2283.7139996605683,
  "Argentina": 2271.3645530628005,
  "England": 2188.1025833087388,
  "France": 2131.00915357406,
  "Colombia": 2077.677013204845,
  "Brazil": 2069.8624195503103,
  "Belgium": 2042.7509720671721,
  "Netherlands": 2040.04185213163,
  "Portugal": 2034.0775853486114,
  "Morocco": 2020.7158795257844,
  "Mexico": 2004.398525385371,
  "Switzerland": 1998.5451226230937,
  "Norway": 1996.7775414984924,
  "Germany": 1987.9529202134806,
  "Japan": 1961.6509123734384,
  "Ecuador": 1957.2802046986203,
  "Croatia": 1927.4598359096371,
  "Uruguay": 1917.3809222833238,
  "Turkey": 1908.2751465331955,
  "Italy": 1900.4287953331059,
  "Australia": 1894.6440297309016,
  "Paraguay": 1893.265756333682,
  "Denmark": 1893.169672010767,
  "Austria": 1890.7125226558192,
  "Iran": 1888.885099291206,
  "Senegal": 1879.3470182513472,
  "Yugoslavia": 1871.348496587085,
  "Nigeria": 1868.6362130841708,
  "Egypt": 1862.2799013991096,
  "Algeria": 1853.2911397444443,
  "Ukraine": 1847.539243805519,
  "Russia": 1843.1148353174863,
  "United States": 1836.5791985990206,
  "South Korea": 1836.2228108944832,
  "Ivory Coast": 1834.1713204524317,
  "Canada": 1833.4493497933329,
  "Venezuela": 1811.862436311084,
  "Chile": 1804.3406632812444,
  "DR Congo": 1802.9748499598525,
  "Scotland": 1799.6650770240594,
  "Basque Country": 1793.2433210578254,
  "Czechoslovakia": 1785.3262248602919,
  "Sweden": 1779.765556702791,
  "Poland": 1771.4618343266452,
  "Hungary": 1769.498431443174,
  "Greece": 1768.0769373583328,
  "Serbia": 1767.5652997231916,
  "Jersey": 1766.770725122216,
  "Peru": 1766.0897116799442,
  "Panama": 1759.6036799681017,
  "Republic of Ireland": 1748.5344899974027,
  "Costa Rica": 1744.2465991775634,
  "Kosovo": 1740.334554679752,
  "Czech Republic": 1738.364120873542,
  "Slovakia": 1737.9181652220036,
  "Slovenia": 1735.2705086657263,
  "Wales": 1734.663077480088,
  "German DR": 1729.0628277173407,
  "Guernsey": 1726.4265099319682,
  "Uzbekistan": 1718.8532771191135,
  "Cameroon": 1715.0427827679787,
  "Bolivia": 1713.879407978695,
  "Mali": 1709.5474537033492,
  "Jordan": 1703.3069701396366,
  "Saudi Arabia": 1698.6267773075997,
  "South Africa": 1692.7053283789242,
  "Georgia": 1691.5094493936408,
  "Romania": 1689.3200946622771,
  "Honduras": 1687.797808855171,
  "Northern Cyprus": 1687.1027483048192,
  "Cape Verde": 1681.711872600159,
  "New Zealand": 1680.7079328055738,
  "Albania": 1674.849743609862,
  "Iraq": 1674.620460774116,
  "Isle of Man": 1673.445049987561,
  "United Arab Emirates": 1668.1747674197236,
  "Israel": 1662.816305340942,
  "Ghana": 1662.415338186724,
  "Northern Ireland": 1658.2483861799592,
  "Bosnia and Herzegovina": 1656.1655337476766,
  "Occitania": 1655.8822867358606,
  "Catalonia": 1651.1224986327456,
  "Tunisia": 1646.8764889800777,
  "Padania": 1646.6320364509525,
  "Haiti": 1646.4205782545273,
  "Jamaica": 1645.4672270092096,
  "Burkina Faso": 1644.2684414762987,
  "North Macedonia": 1643.6778063630513,
  "Iceland": 1640.356065318228,
  "Guatemala": 1630.6342846509876,
  "Isle of Wight": 1626.5199977836328,
  "Ynys M\u00f4n": 1610.7239642905943,
  "Iraqi Kurdistan": 1607.8252635168712,
  "Finland": 1603.1305060375437,
  "Cura\u00e7ao": 1598.0974887747032,
  "Abkhazia": 1594.9287320806372,
  "Kernow": 1593.720738879553,
  "Syria": 1592.9535060968874,
  "Andalusia": 1590.4206458312265,
  "New Caledonia": 1589.0547420170433,
  "Angola": 1588.9192537480697,
  "Guinea": 1585.8277969023554,
  "Palestine": 1583.576068174121,
  "Belarus": 1580.4099771771566,
  "Suriname": 1579.330619961577,
  "Tamil Eelam": 1572.9171014432002,
  "K\u00e1rp\u00e1talja": 1571.0140969396132,
  "Panjab": 1569.035752138675,
  "R\u00e9union": 1567.8970890560754,
  "Oman": 1564.8082136960509,
  "Rhodes": 1564.7673034691106,
  "County of Nice": 1559.4390419486404,
  "Ellan Vannin": 1559.4082836502907,
  "Zambia": 1557.6972623820882,
  "Menorca": 1555.0079262288955,
  "Yorkshire": 1551.618495005886,
  "Qatar": 1550.0375900394072,
  "Corsica": 1549.164548369729,
  "Kurdistan": 1545.3320086052122,
  "China": 1543.1202152841925,
  "Gambia": 1542.781491043587,
  "Artsakh": 1542.7267676766637,
  "Chameria": 1539.1083827468121,
  "Trinidad and Tobago": 1536.4944452339257,
  "Quebec": 1533.58610877397,
  "Cascadia": 1532.595815771932,
  "Arameans Suryoye": 1529.3686369283837,
  "Benin": 1527.5540350818264,
  "Bahrain": 1525.7051772425498,
  "Galicia": 1525.0250016336179,
  "Thailand": 1524.4852064744537,
  "Asturias": 1520.5297736017358,
  "Maule Sur": 1519.269323776618,
  "Bulgaria": 1518.4960091586838,
  "Libya": 1518.117867360735,
  "Surrey": 1517.039628309349,
  "Gabon": 1516.2888226392695,
  "Canary Islands": 1515.1533049104503,
  "Elba Island": 1515.0742936903928,
  "Guadeloupe": 1514.6941976681821,
  "Uganda": 1514.2442407428316,
  "Niger": 1514.1786723697542,
  "Indonesia": 1513.934517567378,
  "Parishes of Jersey": 1512.915286164626,
  "Western Armenia": 1511.9368302250155,
  "Donetsk PR": 1510.874079765941,
  "Kazakhstan": 1510.149326842052,
  "Montenegro": 1509.9593209068735,
  "Biafra": 1509.8493976836646,
  "United Koreans in Japan": 1507.982137210235,
  "Comoros": 1507.1825040026886,
  "Brittany": 1506.122012880717,
  "Mapuche": 1505.4316155249799,
  "Silesia": 1505.3975139103472,
  "Tahiti": 1502.3450519852745,
  "Crimea": 1502.2425974697826,
  "D\u00e9lvid\u00e9k": 1501.4733571123074,
  "Sealand": 1501.2985283105884,
  "Felvid\u00e9k": 1501.1917951548578,
  "Sz\u00e9kely Land": 1500.9638375396214,
  "Madagascar": 1497.7968241892493,
  "Mozambique": 1495.9004951723252,
  "Central Spain": 1495.317158400716,
  "Saugeais": 1495.1899713443945,
  "Franconia": 1493.1058415674675,
  "Shetland": 1492.8106573848213,
  "Zanzibar": 1491.907559582457,
  "Cilento": 1490.4383519774938,
  "Madrid": 1489.4204297541153,
  "Yoruba Nation": 1489.3323031662476,
  "Luhansk PR": 1488.7929900370534,
  "Togo": 1488.296702004885,
  "Malaysia": 1487.7395888887002,
  "Matabeleland": 1487.6000802713186,
  "Seborga": 1486.8884496883472,
  "North Korea": 1486.564210517919,
  "El Salvador": 1486.3381016231199,
  "Republic of St. Pauli": 1485.6513605371103,
  "S\u00e1pmi": 1483.0868756491068,
  "\u00c5land Islands": 1481.6231678108813,
  "Somaliland": 1480.59703462548,
  "Gozo": 1478.507578249292,
  "North Vietnam": 1478.4886317302269,
  "Sudan": 1477.387595659383,
  "Martinique": 1477.173351767827,
  "South Yemen": 1477.086228246277,
  "Greenland": 1476.4301838876145,
  "French Guiana": 1475.7360933221244,
  "Hmong": 1475.302431492776,
  "Aymara": 1475.2990606984022,
  "Rouet-Provence": 1474.9435743866989,
  "West Papua": 1474.814000648583,
  "Ry\u016bky\u016b": 1474.4003949787793,
  "South Ossetia": 1474.1469085984136,
  "Luxembourg": 1473.7179927296045,
  "Zimbabwe": 1470.2300691550283,
  "Kuwait": 1470.2211857518223,
  "Provence": 1469.4122113825815,
  "Romani people": 1469.182101146483,
  "Nicaragua": 1468.644213321047,
  "Kabylia": 1467.490338496836,
  "East Turkestan": 1465.1811958736653,
  "Sierra Leone": 1463.8237094634133,
  "Gotland": 1462.5055896309898,
  "Kenya": 1462.0355490993584,
  "Monaco": 1456.9291542379071,
  "Tajikistan": 1456.181108698337,
  "Kyrgyzstan": 1454.4408987332083,
  "Guyana": 1453.9781221055796,
  "Fiji": 1452.489220541155,
  "Armenia": 1451.4312294898987,
  "Chechnya": 1451.1679264303114,
  "G\u0103g\u0103uzia": 1450.986177471731,
  "Western Isles": 1450.0719583522416,
  "Vanuatu": 1448.8939291684067,
  "Niue": 1446.8237239219202,
  "Mauritania": 1446.3838499227322,
  "Mayotte": 1445.9554685728276,
  "Marshall Islands": 1445.3870746433108,
  "Dominican Republic": 1444.971612567675,
  "Saarland": 1443.6876615276087,
  "Papua New Guinea": 1441.4834710409884,
  "Tanzania": 1439.7874865958204,
  "Vietnam": 1439.3682242772502,
  "Lebanon": 1439.0582749922646,
  "Equatorial Guinea": 1438.108744464769,
  "Malawi": 1434.1428325852955,
  "Rwanda": 1433.857148641272,
  "Western Sahara": 1432.5076020688628,
  "Manchukuo": 1431.22695649455,