{
  "Argentina": 2221.038126003955,
  "Spain": 2206.50353190309,
  "France": 2197.906888603364,
  "England": 2140.0087027097293,
  "Colombia": 2083.6216823879054,
  "Portugal": 2051.4221515255686,
  "Brazil": 2049.2321273761795,
  "Morocco": 2047.2813426758992,
  "Netherlands": 2039.9429508458095,
  "Norway": 2037.0142213915826,
  "Switzerland": 2013.24983138107,
  "Belgium": 2010.8073887754422,
  "Mexico": 2004.3448129451765,
  "Germany": 1987.8659793567963,
  "Japan": 1961.5932299977533,
  "Ecuador": 1957.2374359129951,
  "Croatia": 1927.3626545029722,
  "Uruguay": 1917.3404402292394,
  "Turkey": 1908.1616109903875,
  "Italy": 1900.311040465526,
  "Australia": 1894.5918125984329,
  "Paraguay": 1893.2145662983808,
  "Denmark": 1893.0475609021287,
  "Austria": 1890.6168482361577,
  "Iran": 1888.833024779108,
  "United States": 1885.148707611321,
  "Senegal": 1879.284979092499,
  "Yugoslavia": 1871.348496587085,
  "Egypt": 1869.224827525699,
  "Nigeria": 1868.5879789833068,
  "Algeria": 1853.2304147768832,
  "Ukraine": 1847.4065080356172,
  "Russia": 1843.0412203209848,
  "South Korea": 1836.1736926718645,
  "Ivory Coast": 1834.1164472927348,
  "Canada": 1833.3939359413964,
  "Venezuela": 1811.8273591944485,
  "Chile": 1804.3041697162084,
  "DR Congo": 1802.9227063207097,
  "Scotland": 1799.5651139231818,
  "Basque Country": 1793.2392234093952,
  "Czechoslovakia": 1785.3262248602919,
  "Sweden": 1779.639449197347,
  "Poland": 1771.3439565018016,
  "Hungary": 1769.366866461681,
  "Greece": 1767.9226305766297,
  "Serbia": 1767.4529026742298,
  "Jersey": 1766.7817219616795,
  "Peru": 1766.0562872421974,
  "Panama": 1759.5643223359693,
  "Republic of Ireland": 1748.4132593484235,
  "Costa Rica": 1744.214894369346,
  "Kosovo": 1740.0294991456196,
  "Czech Republic": 1738.2408194345928,
  "Slovakia": 1737.7864171605847,
  "Slovenia": 1735.121950688051,
  "Wales": 1734.5479125694567,
  "German DR": 1729.0628277173407,
  "Guernsey": 1726.4100011187365,
  "Uzbekistan": 1718.8034202059714,
  "Cameroon": 1714.9977419201796,
  "Bolivia": 1713.842260822984,
  "Mali": 1709.5007724005704,
  "Jordan": 1703.2508372251978,
  "Saudi Arabia": 1698.5787143229638,
  "South Africa": 1692.6555566205966,
  "Georgia": 1691.3658578801364,
  "Romania": 1689.162104672679,
  "Honduras": 1687.7737759498489,
  "Cape Verde": 1681.6617238927174,
  "New Zealand": 1680.6647718733007,
  "Albania": 1674.7088475955827,
  "Iraq": 1674.567941041867,
  "Isle of Man": 1673.4195297129236,
  "United Arab Emirates": 1668.1342343138065,
  "Padania": 1664.5126085211073,
  "Israel": 1662.6731018217645,
  "Ghana": 1662.3676549207878,
  "Northern Ireland": 1658.1243536969396,
  "Occitania": 1657.550483900032,
  "Bosnia and Herzegovina": 1656.0598992902571,
  "Catalonia": 1651.1207450656098,
  "Tunisia": 1646.8091455101517,
  "Haiti": 1646.3833857435734,
  "Jamaica": 1645.4442190337188,
  "Burkina Faso": 1644.1990462796853,
  "North Macedonia": 1643.5507094271113,
  "Iceland": 1640.2227561591064,
  "Northern Cyprus": 1634.6245662900353,
  "Guatemala": 1630.6067797071973,
  "Isle of Wight": 1626.4715570717622,
  "Ynys M\u00f4n": 1610.683196630715,
  "Iraqi Kurdistan": 1608.5042185329908,
  "Finland": 1603.0014043534395,
  "Cura\u00e7ao": 1598.0676998932513,
  "Abkhazia": 1595.1852801612376,
  "Kernow": 1594.150024003967,
  "Syria": 1592.910176861849,
  "Andalusia": 1590.4195294615392,
  "New Caledonia": 1589.0466927595494,
  "Angola": 1588.8759055021835,
  "Guinea": 1585.7785398573978,
  "Palestine": 1583.5369590498424,
  "Belarus": 1580.2775960870842,
  "Suriname": 1579.3139316042957,
  "Tamil Eelam": 1573.1573880811793,
  "K\u00e1rp\u00e1talja": 1570.422522692806,
  "Panjab": 1569.3304217379603,
  "R\u00e9union": 1567.8928318152343,
  "Oman": 1564.7664267496903,
  "Rhodes": 1564.7208701384566,
  "Ellan Vannin": 1559.654088676498,
  "County of Nice": 1559.544650339742,
  "Zambia": 1557.651309579287,
  "Menorca": 1554.9777999925136,
  "Yorkshire": 1551.6709217538446,
  "Qatar": 1549.9812832909724,
  "Corsica": 1549.1632708608352,
  "Kurdistan": 1545.3612225179959,
  "Artsakh": 1543.616919717748,
  "China": 1543.0838309620615,
  "Gambia": 1542.7325762428613,
  "Chameria": 1539.6729694139203,
  "Trinidad and Tobago": 1536.4711192292864,
  "Quebec": 1533.5316057549473,
  "Cascadia": 1532.6567384786817,
  "Arameans Suryoye": 1529.8584248086722,
  "Benin": 1527.5088741364946,
  "Bahrain": 1525.6624961001237,
  "Galicia": 1525.1099313125676,
  "Thailand": 1524.4493050586316,
  "Asturias": 1520.5297736017358,
  "Maule Sur": 1519.269323776618,
  "Bulgaria": 1518.344132798605,
  "Libya": 1518.073033613868,
  "Surrey": 1517.0410337307246,
  "Gabon": 1516.24533265682,
  "Canary Islands": 1515.153282336531,
  "Elba Island": 1515.078653664373,
  "Guadeloupe": 1514.6823156962448,
  "Uganda": 1514.197322811465,
  "Niger": 1514.1335761526525,
  "Indonesia": 1513.894950121454,
  "Parishes of Jersey": 1512.9200634128838,
  "Western Armenia": 1512.3331699123553,
  "Donetsk PR": 1510.8996678838964,
  "Kazakhstan": 1510.0442391523582,
  "Biafra": 1509.8498172359148,
  "Montenegro": 1509.795345410108,
  "United Koreans in Japan": 1508.0807822330514,
  "Comoros": 1507.1321112950336,
  "Brittany": 1506.1214763578366,
  "Mapuche": 1505.4316155249799,
  "Silesia": 1505.3975032619392,
  "Tahiti": 1502.3400332472534,
  "D\u00e9lvid\u00e9k": 1501.4781836211553,
  "Sealand": 1501.3949265845235,
  "Sz\u00e9kely Land": 1501.2604624372905,
  "Felvid\u00e9k": 1501.2533063914095,
  "Crimea": 1500.7111271135198,
  "Madagascar": 1497.752034061764,
  "Mozambique": 1495.857004939006,
  "Central Spain": 1495.317158400716,
  "Saugeais": 1495.1937886409412,
  "Franconia": 1493.110063102995,
  "Shetland": 1492.802338775586,
  "S\u00e1pmi": 1492.6993551712458,
  "Zanzibar": 1491.2894699305873,
  "Cilento": 1490.499561400305,
  "Madrid": 1489.4203967845986,
  "Yoruba Nation": 1489.3325251040433,
  "Luhansk PR": 1488.7847088071098,
  "Togo": 1488.2525520354875,
  "Malaysia": 1487.7051885549165,
  "Matabeleland": 1487.6071672200906,
  "Seborga": 1486.8910227436804,
  "North Korea": 1486.5282356418334,
  "El Salvador": 1486.318991485121,
  "Republic of St. Pauli": 1485.619155694189,
  "\u00c5land Islands": 1481.5817582000693,
  "Somaliland": 1481.3197808726802,
  "Gozo": 1479.4089970181874,
  "North Vietnam": 1478.4886317302269,
  "Sudan": 1477.3408607082854,
  "Martinique": 1477.158505987554,
  "South Yemen": 1477.086228246277,
  "French Guiana": 1475.7249030798212,
  "Hmong": 1475.3156344880408,
  "Aymara": 1475.2990606984022,
  "West Papua": 1474.8061452338216,
  "Ry\u016bky\u016b": 1474.409241629592,
  "South Ossetia": 1473.8573022043518,
  "Luxembourg": 1473.6017060501194,
  "Zimbabwe": 1470.1872467258418,
  "Kuwait": 1470.178433039057,
  "Provence": 1470.162372077033,
  "Romani people": 1469.429487454366,
  "Nicaragua": 1468.6278960396264,
  "Kabylia": 1467.497154596337,
  "East Turkestan": 1465.2148713654528,
  "Sierra Leone": 1463.7808880928483,
  "Gotland": 1462.4672223085838,
  "Kenya": 1461.9784859250876,
  "Monaco": 1460.2958904713887,
  "Tajikistan": 1456.1349357463794,
  "Greenland": 1455.9409133372387,
  "Kyrgyzstan": 1454.3994936002211,
  "Guyana": 1453.9671958983463,
  "Fiji": 1452.480322746401,
  "Armenia": 1451.2907730153654,
  "Chechnya": 1451.1679264303114,
  "G\u0103g\u0103uzia": 1450.9176149598184,
  "Western Isles": 1450.0669535679478,
  "Vanuatu": 1448.8861127128923,
  "Niue": 1446.8237239219202,
  "Mauritania": 1446.3381065384199,
  "Mayotte": 1445.9504655094383,
  "Marshall Islands": 1445.3870145627182,
  "Dominican Republic": 1444.960619574559,
  "Saarland": 1443.6876615276087,
  "Papua New Guinea": 1441.4771951984567,
  "Tanzania": 1439.7267180826705,
  "Vietnam": 1439.3345686563657,
  "Lebanon": 1439.0219008613633,
  "Equatorial Guinea": 1438.0596650832495,
  "Malawi": 1434.0970329213594,
  "Rwanda": 1433.811688741055,
  "Western Sahara": 1432.6058543524643,
  "Manchukuo": 1431.22695649455,